,Mean,Median,Mode,kNN-3,kNN-5,kNN-10,MICE
Age,12.032434,12.061016,19.91325,12.032434,12.032434,12.032434,12.032434
Work/Study Hours,3.871062,3.872231,5.477545,3.871062,3.871062,3.871062,3.871062
Financial Stress,1.423614,1.423801,1.702424,1.423614,1.423614,1.423614,1.423614
