,Age,Academic Pressure,Work Pressure,CGPA,Study Satisfaction,Job Satisfaction,Work/Study Hours,Financial Stress,Depression
Age,1.0,-0.07709579419297029,-0.079618479266899,0.007098418909543291,0.00798406484248914,0.022482409282218594,-0.11408964276262293,-0.07794165083115338,-0.54108026953892
Academic Pressure,-0.07709579419297029,1.0,,-0.024721105231976282,-0.11672511352934146,-1.0,0.090947522048856,0.15029247173100216,0.47244897222989896
Work Pressure,-0.079618479266899,,1.0,,,-0.037200809944220134,-0.002509929362103585,0.024366547448518006,0.21604618178134594
CGPA,0.007098418909543291,-0.024721105231976282,,1.0,-0.04707383572494724,1.0,0.0032893860780436276,0.006125208563554579,0.021538917242519516
Study Satisfaction,0.00798406484248914,-0.11672511352934146,,-0.04707383572494724,1.0,-1.0,-0.03550227817567445,-0.06406886665090138,-0.16815961347608718
Job Satisfaction,0.022482409282218594,-1.0,-0.037200809944220134,1.0,-1.0,1.0,-0.02965911678435268,-0.02894136607186757,-0.17008568596418708
Work/Study Hours,-0.11408964276262293,0.090947522048856,-0.002509929362103585,0.0032893860780436276,-0.03550227817567445,-0.02965911678435268,1.0,0.03632201186594128,0.19236336277873958
Financial Stress,-0.07794165083115338,0.15029247173100216,0.024366547448518006,0.006125208563554579,-0.06406886665090138,-0.02894136607186757,0.03632201186594128,1.0,0.22668384080979104
Depression,-0.54108026953892,0.47244897222989896,0.21604618178134594,0.021538917242519516,-0.16815961347608718,-0.17008568596418708,0.19236336277873958,0.22668384080979104,1.0
